{
    "filmes": [
        {
            "titulo": "Vingadores: Guerra Infinita",
            "resumo": "Homem de Ferro, Thor, Hulk e os Vingadores se unem para combater seu inimigo mais poderoso, o maligno Thanos. Em uma missão para coletar todas as seis pedras infinitas, Thanos planeja usá-las para infligir sua vontade maléfica sobre a realidade.",
            "generos" : [
                { "genero": "Aventura" },
                { "genero": "Ação" }
            ],
            "elenco" : [
                { "ator": "Robert Downey Jr" },
                { "ator": "Chris Hemsworth" },
                { "ator": "Mark Ruffalo" }
            ],
            "dataLancamento": { 
                "data": "26 de abril de 2018",  
                "pais": "Brasil"
            }
        },
        {
            "titulo": "Onde está segunda",
            "resumo": "What Happened to Monday é um filme distópico de ficção científica e suspense, escrito por Max Botkin e Kerry Williamson, dirigido por Tommy Wirkola e estrelando Noomi Rapace, Glenn Close, e Willem Dafoe.",
            "generos" : [
                { "genero": "Ficção científica" },
                { "genero": "Suspense" }
            ],
            "elenco" : [
                { "ator": "Noomi Rapace" },
                { "ator": "GLENN CLOSE" },
                { "ator": "WILLEM DAFOE" }
            ],
            "dataLancamento": { 
                "data": "30 de agosto de 2017",  
                "pais": "Franca"
            }
        }
    ]
}